Workbook

Sheet Order_Master
A1: Order_ID | B1: Product_ID | C1: Category | D1: Units_Ordered | E1: Unit_Price | F1: Order_Status | G1: Return_Flag
A2: ORD1001 | B2: SKU-E101 | C2: Electronics | D2: 2 | E2: 2500 | F2: Delivered | G2: No
A3: ORD1002 | B3: SKU-A201 | C3: Apparel | D3: 5 | E3: 800 | F3: Returned | G3: Yes
A4: ORD1003 | B4: SKU-F301 | C4: Furniture | D4: 1 | E4: 8500 | F4: Dispatched | G4: No
A5: ORD1004 | B5: SKU-E102 | C5: Electronics | D5: 3 | E5: 4500 | F5: Delivered | G5: No
A6: ORD1005 | B6: SKU-H401 | C6: Home & Kitchen | D6: 10 | E6: 600 | F6: Pending | G6: No
A7: ORD1006 | B7: SKU-A202 | C7: Apparel | D7: 2 | E7: 2200 | F7: Delivered | G7: No
A8: ORD1007 | B8: SKU-E101 | C8: Electronics | D8: 4 | E8: 2500 | F8: Returned | G8: Yes
A9: ORD1008 | B9: SKU-A201 | C9: Apparel | D9: 8 | E9: 800 | F9: Delivered | G9: No
A10: ORD1009 | B10: SKU-F302 | C10: Furniture | D10: 2 | E10: 15000 | F10: Dispatched | G10: No
A11: ORD1010 | B11: SKU-H401 | C11: Home & Kitchen | D11: 15 | E11: 600 | F11: Delivered | G11: No
A12: ORD1011 | B12: SKU-E102 | C12: Electronics | D12: 1 | E12: 4500 | F12: Pending | G12: No
A13: ORD1012 | B13: SKU-A202 | C13: Apparel | D13: 3 | E13: 2200 | F13: Returned | G13: Yes

Sheet Inventory_Master
A1: Product_ID | B1: Product_Name | C1: Category | D1: Opening_Stock | E1: Reorder_Level | F1: Current_Stock
A2: SKU-E101 | B2: Wireless Headphones | C2: Electronics | D2: 50 | E2: 20 | F2: 12
A3: SKU-E102 | B3: Mechanical Keyboard | C3: Electronics | D3: 40 | E3: 15 | F3: 18
A4: SKU-A201 | B4: Cotton T-Shirt | C4: Apparel | D4: 100 | E4: 30 | F4: 22
A5: SKU-A202 | B5: Denim Jacket | C5: Apparel | D5: 35 | E5: 15 | F5: 8
A6: SKU-F301 | B6: Ergonomic Chair | C6: Furniture | D6: 20 | E6: 8 | F6: 14
A7: SKU-F302 | B7: Standing Desk | C7: Furniture | D7: 15 | E7: 5 | F7: 4
A8: SKU-H401 | B8: Stainless Water Bottle | C8: Home & Kitchen | D8: 80 | E8: 25 | F8: 35

Sheet Audit_Dashboard
A1: Order Status Summary | F1: Inventory Audit & Low Stock Alerts
A2: OrderStatus | B2: Total Order | E2: Product_ID | F2: Product_Name | G2: Current_Stock | H2: Reorder_Level | I2: Stock_Status
A3: Pending | B3: =COUNTIFS(Order_Master!F:F, "Pending") -> 2 | E3: SKU-E101 | F3: =Inventory_Master!B2 -> Wireless Headphones | G3: =Inventory_Master!F2 -> 12 | H3: =Inventory_Master!E2 -> 20 | I3: =IF(G3 <= H3, "LOW STOCK", "Sufficient") -> LOW STOCK
A4: Dispatched | B4: =COUNTIFS(Order_Master!F:F, "Dispatched") -> 2 | E4: SKU-E102 | F4: =Inventory_Master!B3 -> Mechanical Keyboard | G4: =Inventory_Master!F3 -> 18 | H4: =Inventory_Master!E3 -> 15 | I4: =IF(G4 <= H4, "LOW STOCK", "Sufficient") -> Sufficient
A5: Delivered | B5: =COUNTIFS(Order_Master!F:F, "Delivered") -> 5 | E5: SKU-A201 | F5: =Inventory_Master!B4 -> Cotton T-Shirt | G5: =Inventory_Master!F4 -> 22 | H5: =Inventory_Master!E4 -> 30 | I5: =IF(G5 <= H5, "LOW STOCK", "Sufficient") -> LOW STOCK
A6: Returned | B6: =COUNTIFS(Order_Master!F:F, "Returned") -> 3 | E6: SKU-A202 | F6: =Inventory_Master!B5 -> Denim Jacket | G6: =Inventory_Master!F5 -> 8 | H6: =Inventory_Master!E5 -> 15 | I6: =IF(G6 <= H6, "LOW STOCK", "Sufficient") -> LOW STOCK
A7: Return rate(%) | B7: =B6 / COUNTA(Order_Master!A2:A13) -> 0.25 | E7: SKU-F301 | F7: =Inventory_Master!B6 -> Ergonomic Chair | G7: =Inventory_Master!F6 -> 14 | H7: =Inventory_Master!E6 -> 8 | I7: =IF(G7 <= H7, "LOW STOCK", "Sufficient") -> Sufficient
E8: SKU-F302 | F8: =Inventory_Master!B7 -> Standing Desk | G8: =Inventory_Master!F7 -> 4 | H8: =Inventory_Master!E7 -> 5 | I8: =IF(G8 <= H8, "LOW STOCK", "Sufficient") -> LOW STOCK
E9: SKU-H401 | F9: =Inventory_Master!B8 -> Stainless Water Bottle | G9: =Inventory_Master!F8 -> 35 | H9: =Inventory_Master!E8 -> 25 | I9: =IF(G9 <= H9, "LOW STOCK", "Sufficient") -> Sufficient
