Workbook

Sheet Employee_Master
B1: Emp_ID | C1: Emp_Name | D1: Department | E1: Designation | F1: Basic_Salary | G1: HRA | H1: Special_Allowance | I1: Gross_Salary
B2: EMP101 | C2: Rahul Sharma | D2: IT | E2: Software Engineer | F2: 45000 | G2: 18000 | H2: 7000 | I2: =F2+G2+H2 -> 70000
B3: EMP102 | C3: Priya Singh | D3: HR | E3: HR Manager | F3: 50000 | G3: 20000 | H3: 10000 | I3: =F3+G3+H3 -> 80000
B4: EMP103 | C4: Amit Verma | D4: Operations | E4: Operations Lead | F4: 40000 | G4: 16000 | H4: 6000 | I4: =F4+G4+H4 -> 62000
B5: EMP104 | C5: Sneha Patel | D5: Marketing | E5: Marketing Analyst | F5: 35000 | G5: 14000 | H5: 5000 | I5: =F5+G5+H5 -> 54000
B6: EMP105 | C6: Vikram Rao | D6: Finance | E6: Financial Analyst | F6: 48000 | G6: 19200 | H6: 8000 | I6: =F6+G6+H6 -> 75200
B7: EMP106 | C7: Ananya Roy | D7: IT | E7: QA Engineer | F7: 38000 | G7: 15200 | H7: 5000 | I7: =F7+G7+H7 -> 58200
B8: EMP107 | C8: Karan Mehta | D8: Sales | E8: Sales Executive | F8: 30000 | G8: 12000 | H8: 4000 | I8: =F8+G8+H8 -> 46000
B9: EMP108 | C9: Pooja Joshi | D9: HR | E9: HR Recruiter | F9: 32000 | G9: 12800 | H9: 4000 | I9: =F9+G9+H9 -> 48800
B10: EMP109 | C10: Rohit Kumar | D10: Operations | E10: Logistics Executive | F10: 28000 | G10: 11200 | H10: 3500 | I10: =F10+G10+H10 -> 42700
B11: EMP110 | C11: Neha Gupta | D11: IT | E11: UI/UX Designer | F11: 42000 | G11: 16800 | H11: 6200 | I11: =F11+G11+H11 -> 65000

Sheet Attendance_Summary
A1: Emp_ID | B1: Total_Working_Days | C1: Days_Present | D1: Paid_Leaves | E1: Unpaid_Leaves | F1: Overtime_Hours | G1: Overtime_Rate_Per_Hour
A2: EMP101 | B2: 26 | C2: 24 | D2: 2 | E2: 0 | F2: 10 | G2: 300
A3: EMP102 | B3: 26 | C3: 23 | D3: 2 | E3: 1 | F3: 0 | G3: 350
A4: EMP103 | B4: 26 | C4: 22 | D4: 1 | E4: 3 | F4: 15 | G4: 250
A5: EMP104 | B5: 26 | C5: 25 | D5: 1 | E5: 0 | F5: 5 | G5: 200
A6: EMP105 | B6: 26 | C6: 21 | D6: 2 | E6: 3 | F6: 8 | G6: 320
A7: EMP106 | B7: 26 | C7: 26 | D7: 0 | E7: 0 | F7: 12 | G7: 250
A8: EMP107 | B8: 26 | C8: 20 | D8: 2 | E8: 4 | F8: 20 | G8: 180
A9: EMP108 | B9: 26 | C9: 24 | D9: 1 | E9: 1 | F9: 0 | G9: 200
A10: EMP109 | B10: 26 | C10: 22 | D10: 2 | E10: 2 | F10: 18 | G10: 180
A11: EMP110 | B11: 26 | C11: 25 | D11: 1 | E11: 0 | F11: 6 | G11: 280

Sheet Payroll_Dashboard
A1: PAYROLL_DASHBOARD
A4: Emp_ID | B4: Emp_Name | C4: Department | D4: Gross_Salary | E4: Unpaid_Leaves | F4: Leave_Deduction | G4: Overtime_Pay | H4: PF_Deduction(12%) | I4: Net_Salary
A5: EMP101 | B5: Rahul Sharma | C5: IT | D5: 70000 | E5: 0 | F5: =(D5/26)*E5 -> 0 | G5: =[1]Attendance_Summary!F2*[1]Attendance_Summary!G2 -> 3000 | H5: =Employee_Master!F2*0.12 -> 5400 | I5: =D5-F5+G5-H5 -> 67600
A6: EMP102 | B6: Priya Singh | C6: HR | D6: 80000 | E6: 1 | F6: =(D6/26)*E6 -> 3076.9231 | G6: =[1]Attendance_Summary!F3*[1]Attendance_Summary!G3 -> 0 | H6: =Employee_Master!F3*0.12 -> 6000 | I6: =D6-F6+G6-H6 -> 70923.077
A7: EMP103 | B7: Amit Verma | C7: Operations | D7: 62000 | E7: 3 | F7: =(D7/26)*E7 -> 7153.8462 | G7: =[1]Attendance_Summary!F4*[1]Attendance_Summary!G4 -> 3750 | H7: =Employee_Master!F4*0.12 -> 4800 | I7: =D7-F7+G7-H7 -> 53796.154
A8: EMP104 | B8: Sneha Patel | C8: Marketing | D8: 54000 | E8: 0 | F8: =(D8/26)*E8 -> 0 | G8: =[1]Attendance_Summary!F5*[1]Attendance_Summary!G5 -> 1000 | H8: =Employee_Master!F5*0.12 -> 4200 | I8: =D8-F8+G8-H8 -> 50800
A9: EMP105 | B9: Vikram Rao | C9: Finance | D9: 75200 | E9: 3 | F9: =(D9/26)*E9 -> 8676.9231 | G9: =[1]Attendance_Summary!F6*[1]Attendance_Summary!G6 -> 2560 | H9: =Employee_Master!F6*0.12 -> 5760 | I9: =D9-F9+G9-H9 -> 63323.077
A10: EMP106 | B10: Ananya Roy | C10: IT | D10: 58200 | E10: 0 | F10: =(D10/26)*E10 -> 0 | G10: =[1]Attendance_Summary!F7*[1]Attendance_Summary!G7 -> 3000 | H10: =Employee_Master!F7*0.12 -> 4560 | I10: =D10-F10+G10-H10 -> 56640
A11: EMP107 | B11: Karan Mehta | C11: Sales | D11: 46000 | E11: 4 | F11: =(D11/26)*E11 -> 7076.9231 | G11: =[1]Attendance_Summary!F8*[1]Attendance_Summary!G8 -> 3600 | H11: =Employee_Master!F8*0.12 -> 3600 | I11: =D11-F11+G11-H11 -> 38923.077
A12: EMP108 | B12: Pooja Joshi | C12: HR | D12: 48800 | E12: 1 | F12: =(D12/26)*E12 -> 1876.9231 | G12: =[1]Attendance_Summary!F9*[1]Attendance_Summary!G9 -> 0 | H12: =Employee_Master!F9*0.12 -> 3840 | I12: =D12-F12+G12-H12 -> 43083.077
A13: EMP109 | B13: Rohit Kumar | C13: Operations | D13: 42700 | E13: 2 | F13: =(D13/26)*E13 -> 3284.6154 | G13: =[1]Attendance_Summary!F10*[1]Attendance_Summary!G10 -> 3240 | H13: =Employee_Master!F10*0.12 -> 3360 | I13: =D13-F13+G13-H13 -> 39295.385
A14: EMP110 | B14: Neha Gupta | C14: IT | D14: 65000 | E14: 0 | F14: =(D14/26)*E14 -> 0 | G14: =[1]Attendance_Summary!F11*[1]Attendance_Summary!G11 -> 1680 | H14: =Employee_Master!F11*0.12 -> 5040 | I14: =D14-F14+G14-H14 -> 61640
