Workbook

Sheet Department_Expenses
A1: Expense_ID | B1: Department | C1: Expense_Category | D1: Amount_Spent_INR | E1: Month
A2: EXP1001 | B2: Marketing | C2: Digital Ads | D2: 120000 | E2: Jan
A3: EXP1002 | B3: IT | C3: Software Licenses | D3: 85000 | E3: Jan
A4: EXP1003 | B4: Operations | C4: Office Supplies | D4: 30000 | E4: Jan
A5: EXP1004 | B5: HR | C5: Recruitment Agency | D5: 45000 | E5: Jan
A6: EXP1005 | B6: Sales | C6: Client Travel | D6: 60000 | E6: Jan
A7: EXP1006 | B7: Marketing | C7: Influencer Campaign | D7: 95000 | E7: Jan
A8: EXP1007 | B8: IT | C8: Hardware Maintenance | D8: 40000 | E8: Jan
A9: EXP1008 | B9: Operations | C9: Logistics & Freight | D9: 75000 | E9: Jan
A10: EXP1009 | B10: HR | C10: Employee Training | D10: 25000 | E10: Jan
A11: EXP1010 | B11: Sales | C11: Trade Show Events | D11: 110000 | E11: Jan

Sheet Budget_Master
A1: Department | B1: Allocated_Budget_INR
A2: Marketing | B2: 200000
A3: IT | B3: 110000
A4: Operations | B4: 90000
A5: HR | B5: 80000
A6: Sales | B6: 150000

Sheet Variance_Dashboard
A1: Variance_Dashboard
A2: Department | B2: Expense_Categories_List | C2: Allocated_Budget | D2: Actual_Expenses | E2: Variance_Amount | F2: Variance_Percentage | G2: Budget_Status
A3: Marketing | B3: =_xlfn.TEXTJOIN(", ", TRUE, Department_Expenses!C2:C3) -> Digital Ads, Software Licenses | C3: =VLOOKUP(A3, Budget_Master!A:B, 2, FALSE) -> 200000 | D3: =SUMIFS(Department_Expenses!D:D, Department_Expenses!B:B, A3) -> 215000 | E3: =C3 - D3 -> -15000 | F3: =E3 / C3 -> -0.075 | G3: =IF(D3 > C3, "OVER BUDGET", "Within Budget") -> OVER BUDGET
A4: IT | B4: =_xlfn.TEXTJOIN(", ", TRUE, Department_Expenses!C3:C4) -> Software Licenses, Office Supplies | C4: =VLOOKUP(A4, Budget_Master!A:B, 2, FALSE) -> 110000 | D4: =SUMIFS(Department_Expenses!D:D, Department_Expenses!B:B, A4) -> 125000 | E4: =C4 - D4 -> -15000 | F4: =E4 / C4 -> -0.13636364 | G4: =IF(D4 > C4, "OVER BUDGET", "Within Budget") -> OVER BUDGET
A5: Operations | B5: =_xlfn.TEXTJOIN(", ", TRUE, Department_Expenses!C4:C5) -> Office Supplies, Recruitment Agency | C5: =VLOOKUP(A5, Budget_Master!A:B, 2, FALSE) -> 90000 | D5: =SUMIFS(Department_Expenses!D:D, Department_Expenses!B:B, A5) -> 105000 | E5: =C5 - D5 -> -15000 | F5: =E5 / C5 -> -0.16666667 | G5: =IF(D5 > C5, "OVER BUDGET", "Within Budget") -> OVER BUDGET
A6: HR | B6: =_xlfn.TEXTJOIN(", ", TRUE, Department_Expenses!C5:C6) -> Recruitment Agency, Client Travel | C6: =VLOOKUP(A6, Budget_Master!A:B, 2, FALSE) -> 80000 | D6: =SUMIFS(Department_Expenses!D:D, Department_Expenses!B:B, A6) -> 70000 | E6: =C6 - D6 -> 10000 | F6: =E6 / C6 -> 0.125 | G6: =IF(D6 > C6, "OVER BUDGET", "Within Budget") -> Within Budget
A7: Sales | B7: =_xlfn.TEXTJOIN(", ", TRUE, Department_Expenses!C6:C7) -> Client Travel, Influencer Campaign | C7: =VLOOKUP(A7, Budget_Master!A:B, 2, FALSE) -> 150000 | D7: =SUMIFS(Department_Expenses!D:D, Department_Expenses!B:B, A7) -> 170000 | E7: =C7 - D7 -> -20000 | F7: =E7 / C7 -> -0.13333333 | G7: =IF(D7 > C7, "OVER BUDGET", "Within Budget") -> OVER BUDGET
